{"stats":{"minecraft:custom":{"minecraft:jump":31,"minecraft:time_since_rest":77045,"minecraft:play_one_minute":77045,"minecraft:crouch_one_cm":425,"minecraft:leave_game":1,"minecraft:sprint_one_cm":1482,"minecraft:walk_on_water_one_cm":1051,"minecraft:time_since_death":77045,"minecraft:walk_one_cm":13198,"minecraft:sneak_time":651,"minecraft:climb_one_cm":50,"minecraft:walk_under_water_one_cm":2219,"minecraft:fly_one_cm":127818,"minecraft:open_barrel":2},"minecraft:used":{"minecraft:red_nether_brick_slab":1,"minecraft:red_concrete":3}},"DataVersion":2586}