{"stats":{"minecraft:picked_up":{"minecraft:clock":1,"minecraft:jungle_sapling":5,"minecraft:music_disc_pigstep":2},"minecraft:custom":{"minecraft:open_barrel":5,"minecraft:time_since_rest":41663,"minecraft:open_chest":27,"minecraft:play_one_minute":41663,"minecraft:crouch_one_cm":1971,"minecraft:interact_with_furnace":2,"minecraft:sprint_one_cm":31463,"minecraft:walk_one_cm":58797,"minecraft:sneak_time":1923,"minecraft:walk_under_water_one_cm":8085,"minecraft:jump":344,"minecraft:interact_with_stonecutter":3,"minecraft:play_record":2,"minecraft:time_since_death":41663,"minecraft:walk_on_water_one_cm":3132,"minecraft:climb_one_cm":971,"minecraft:swim_one_cm":3847,"minecraft:fly_one_cm":424413},"minecraft:used":{"minecraft:cobblestone":2,"minecraft:music_disc_pigstep":2,"minecraft:written_book":1,"minecraft:ladder":1,"minecraft:crossbow":2,"minecraft:chest":1}},"DataVersion":2586}