{"stats":{"minecraft:used":{"minecraft:dark_oak_stairs":56,"minecraft:zombie_horse_spawn_egg":1,"minecraft:nether_brick_fence":17,"minecraft:water_bucket":41,"minecraft:warped_stem":2,"minecraft:polished_blackstone_brick_slab":84,"minecraft:nether_brick_wall":18,"minecraft:iron_ore":1,"minecraft:polished_blackstone":25,"minecraft:smooth_quartz_slab":34,"minecraft:redstone":2,"minecraft:red_stained_glass":8,"minecraft:polished_andesite":6,"minecraft:spruce_slab":43,"minecraft:gray_carpet":108,"minecraft:ladder":15,"minecraft:red_nether_bricks":92,"minecraft:oak_sign":9,"minecraft:light_gray_carpet":15,"minecraft:pink_banner":1,"minecraft:black_carpet":196,"minecraft:polished_basalt":43,"minecraft:chest":1,"minecraft:mossy_stone_brick_stairs":5,"minecraft:stone":2,"minecraft:redstone_block":4,"minecraft:spruce_sign":6,"minecraft:red_nether_brick_stairs":25,"minecraft:quartz_stairs":110,"minecraft:chiseled_nether_bricks":17,"minecraft:netherrack":36,"minecraft:warped_roots":7,"minecraft:polished_blackstone_bricks":316,"minecraft:soul_campfire":2,"minecraft:dark_oak_trapdoor":18,"minecraft:diamond_block":1,"minecraft:soul_sand":14,"minecraft:dirt":3,"minecraft:anvil":31,"minecraft:white_carpet":18,"minecraft:oak_slab":1,"minecraft:crimson_trapdoor":26,"minecraft:loom":1,"minecraft:blue_stained_glass":35,"minecraft:nether_quartz_ore":6,"minecraft:nether_bricks":81,"minecraft:birch_sign":2,"minecraft:black_banner":92,"minecraft:crimson_hyphae":13,"minecraft:nether_brick_slab":32,"minecraft:campfire":1,"minecraft:chiseled_quartz_block":22,"minecraft:stone_brick_wall":44,"minecraft:painting":6,"minecraft:nether_brick_stairs":108,"minecraft:cyan_stained_glass":4,"minecraft:crimson_fence_gate":2,"minecraft:nether_gold_ore":6,"minecraft:redstone_torch":4,"minecraft:polished_blackstone_slab":36,"minecraft:crimson_button":1,"minecraft:dark_oak_planks":48,"minecraft:flower_pot":4,"minecraft:black_concrete":387,"minecraft:sea_lantern":91,"minecraft:coal_ore":1,"minecraft:birch_slab":12,"minecraft:light_gray_concrete":152,"minecraft:lantern":33,"minecraft:iron_block":1,"minecraft:grass_block":7,"minecraft:barrier":1,"minecraft:polished_andesite_stairs":12,"minecraft:quartz_block":220,"minecraft:polished_blackstone_brick_wall":22,"minecraft:cracked_nether_bricks":296,"minecraft:polished_blackstone_brick_stairs":26,"minecraft:dark_oak_slab":8,"minecraft:spruce_trapdoor":38,"minecraft:crimson_roots":15,"minecraft:crimson_planks":46,"minecraft:stone_bricks":89,"minecraft:barrel":11,"minecraft:stone_brick_stairs":16,"minecraft:crimson_nylium":44,"minecraft:polished_andesite_slab":18,"minecraft:blue_banner":3,"minecraft:soul_lantern":34,"minecraft:birch_button":1,"minecraft:basalt":66,"minecraft:glowstone":60,"minecraft:crimson_fungus":5,"minecraft:magma_block":6,"minecraft:cobblestone":4,"minecraft:brown_carpet":7,"minecraft:black_stained_glass":8,"minecraft:emerald_block":1,"minecraft:stripped_crimson_hyphae":30,"minecraft:written_book":2,"minecraft:iron_trapdoor":19,"minecraft:soul_soil":9,"minecraft:white_banner":60,"minecraft:lime_stained_glass":2,"minecraft:dark_oak_fence":11,"minecraft:crimson_door":3,"minecraft:gold_block":3,"minecraft:red_banner":4,"minecraft:lapis_block":4,"minecraft:chain":30,"minecraft:grass_path":1,"minecraft:pink_stained_glass":4,"minecraft:sea_pickle":26,"minecraft:kelp":3,"minecraft:purple_carpet":1,"minecraft:gray_wool":2,"minecraft:bone_meal":12,"minecraft:seagrass":12,"minecraft:smooth_stone":5,"minecraft:soul_torch":1,"minecraft:cobweb":20},"minecraft:custom":{"minecraft:interact_with_anvil":12,"minecraft:interact_with_crafting_table":1,"minecraft:open_barrel":26,"minecraft:play_one_minute":385678,"minecraft:interact_with_loom":12,"minecraft:pot_flower":4,"minecraft:leave_game":7,"minecraft:time_since_death":385678,"minecraft:climb_one_cm":9013,"minecraft:time_since_rest":385678,"minecraft:sprint_one_cm":115194,"minecraft:walk_one_cm":409763,"minecraft:swim_one_cm":24368,"minecraft:open_chest":36,"minecraft:fly_one_cm":3306226,"minecraft:crouch_one_cm":4771,"minecraft:sneak_time":14478,"minecraft:walk_under_water_one_cm":75885,"minecraft:jump":1072,"minecraft:walk_on_water_one_cm":47735,"minecraft:fall_one_cm":209},"minecraft:picked_up":{"minecraft:black_carpet":7,"minecraft:string":1,"minecraft:lantern":3,"minecraft:white_banner":3,"minecraft:oak_door":2,"minecraft:redstone":1,"minecraft:spruce_sign":1,"minecraft:black_banner":3,"minecraft:blue_banner":4}},"DataVersion":2586}