{"stats":{"minecraft:custom":{"minecraft:time_since_rest":100739,"minecraft:sprint_one_cm":5771,"minecraft:damage_taken":280,"minecraft:walk_one_cm":72715,"minecraft:fly_one_cm":1038239,"minecraft:open_barrel":9,"minecraft:open_chest":8,"minecraft:crouch_one_cm":5445,"minecraft:play_one_minute":100855,"minecraft:open_shulker_box":4,"minecraft:deaths":1,"minecraft:sneak_time":6363,"minecraft:walk_under_water_one_cm":13671,"minecraft:jump":146,"minecraft:leave_game":2,"minecraft:walk_on_water_one_cm":5837,"minecraft:time_since_death":100737,"minecraft:climb_one_cm":2665},"minecraft:picked_up":{"minecraft:ladder":2,"minecraft:repeater":1,"minecraft:stone_button":3,"minecraft:redstone":7,"minecraft:oak_sign":12,"minecraft:redstone_torch":25},"minecraft:used":{"minecraft:quartz_bricks":4,"minecraft:lever":11,"minecraft:crimson_button":1,"minecraft:sea_lantern":14,"minecraft:cobblestone_stairs":12,"minecraft:quartz_pillar":4,"minecraft:dropper":1,"minecraft:birch_slab":5,"minecraft:command_block":18,"minecraft:light_gray_concrete":130,"minecraft:red_concrete":17,"minecraft:spruce_slab":12,"minecraft:barrier":110,"minecraft:ladder":2,"minecraft:oak_planks":11,"minecraft:stone_button":10,"minecraft:stone":2,"minecraft:redstone_block":3,"minecraft:oak_leaves":2,"minecraft:polished_blackstone_bricks":2,"minecraft:bedrock":20,"minecraft:dirt":9,"minecraft:chain_command_block":8,"minecraft:chiseled_quartz_block":8,"minecraft:crimson_pressure_plate":1,"minecraft:gray_concrete":79,"minecraft:blue_concrete":16,"minecraft:cobweb":4}},"DataVersion":2586}